+----------------------+----------------------------------+-------------------------------------------+------------------------------+--------+
| Mod ID               | Mod name                         | Entity name                               | Entity class name            |     ID |
+----------------------+----------------------------------+-------------------------------------------+------------------------------+--------+
| BloodArsenal         | Blood Arsenal                    | BloodArsenal.SummonedTool                 | EntitySummonedTool           |      0 |
| BloodMagic           | Blood Magic: Alchemical Wizardry | BloodMagic.BloodLight                     | EntityBloodLight             |      0 |
| BloodMagic           | Blood Magic: Alchemical Wizardry | BloodMagic.CorruptedChicken               | EntityCorruptedChicken       |      8 |
| BloodMagic           | Blood Magic: Alchemical Wizardry | BloodMagic.CorruptedSheep                 | EntityCorruptedSheep         |      7 |
| BloodMagic           | Blood Magic: Alchemical Wizardry | BloodMagic.CorruptedSpider                | EntityCorruptedSpider        |      9 |
| BloodMagic           | Blood Magic: Alchemical Wizardry | BloodMagic.CorruptedZombie                | EntityCorruptedZombie        |      6 |
| BloodMagic           | Blood Magic: Alchemical Wizardry | BloodMagic.Meteor                         | EntityMeteor                 |      3 |
| BloodMagic           | Blood Magic: Alchemical Wizardry | BloodMagic.Mimic                          | EntityMimic                  |      5 |
| BloodMagic           | Blood Magic: Alchemical Wizardry | BloodMagic.SentientSpecter                | EntitySentientSpecter        |      4 |
| BloodMagic           | Blood Magic: Alchemical Wizardry | BloodMagic.SoulArrow                      | EntitySentientArrow          |      2 |
| BloodMagic           | Blood Magic: Alchemical Wizardry | BloodMagic.SoulSnare                      | EntitySoulSnare              |      1 |
| Botania              | Botania                          | Botania.botania:babylonWeapon             | EntityBabylonWeapon          |     17 |
| Botania              | Botania                          | Botania.botania:corporeaSpark             | EntityCorporeaSpark          |     11 |
| Botania              | Botania                          | Botania.botania:doppleganger              | EntityDoppleganger           |      5 |
| Botania              | Botania                          | Botania.botania:enderAirBottle            | EntityEnderAirBottle         |     12 |
| Botania              | Botania                          | Botania.botania:fallingStar               | EntityFallingStar            |     18 |
| Botania              | Botania                          | Botania.botania:flameRing                 | EntityFlameRing              |      3 |
| Botania              | Botania                          | Botania.botania:magicLandmine             | EntityMagicLandmine          |      6 |
| Botania              | Botania                          | Botania.botania:magicMissile              | EntityMagicMissile           |      9 |
| Botania              | Botania                          | Botania.botania:manaBurst                 | EntityManaBurst              |      0 |
| Botania              | Botania                          | Botania.botania:manaStorm                 | EntityManaStorm              |     16 |
| Botania              | Botania                          | Botania.botania:pinkWither                | EntityPinkWither             |     14 |
| Botania              | Botania                          | Botania.botania:pixie                     | EntityPixie                  |      2 |
| Botania              | Botania                          | Botania.botania:playerMover               | EntityPlayerMover            |     15 |
| Botania              | Botania                          | Botania.botania:poolMinecart              | EntityPoolMinecart           |     13 |
| Botania              | Botania                          | Botania.botania:signalFlare               | EntitySignalFlare            |      1 |
| Botania              | Botania                          | Botania.botania:spark                     | EntitySpark                  |      7 |
| Botania              | Botania                          | Botania.botania:thornChakram              | EntityThornChakram           |     10 |
| Botania              | Botania                          | Botania.botania:thrownItem                | EntityThrownItem             |      8 |
| Botania              | Botania                          | Botania.botania:vineBall                  | EntityVineBall               |      4 |
| EnderIO              | Ender IO                         | EnderIO.weather_rocket                    | EntityWeatherRocket          |     33 |
| EnderZoo             | Ender Zoo                        | EnderZoo.ConcussionCreeper                | EntityConcussionCreeper      | 689991 |
| EnderZoo             | Ender Zoo                        | EnderZoo.DireSlime                        | EntityDireSlime              | 689997 |
| EnderZoo             | Ender Zoo                        | EnderZoo.DireWolf                         | EntityDireWolf               | 689996 |
| EnderZoo             | Ender Zoo                        | EnderZoo.Enderminy                        | EntityEnderminy              | 689990 |
| EnderZoo             | Ender Zoo                        | EnderZoo.EntityOwlEgg                     | EntityOwlEgg                 | 679991 |
| EnderZoo             | Ender Zoo                        | EnderZoo.EntityPrimedCharge               | EntityPrimedCharge           | 699998 |
| EnderZoo             | Ender Zoo                        | EnderZoo.FallenKnight                     | EntityFallenKnight           | 689992 |
| EnderZoo             | Ender Zoo                        | EnderZoo.FallenMount                      | EntityFallenMount            | 689993 |
| EnderZoo             | Ender Zoo                        | EnderZoo.Owl                              | EntityOwl                    | 689998 |
| EnderZoo             | Ender Zoo                        | EnderZoo.WitherCat                        | EntityWitherCat              | 689995 |
| EnderZoo             | Ender Zoo                        | EnderZoo.WitherWitch                      | EntityWitherWitch            | 689994 |
| MCA                  | Minecraft Comes Alive            | MCA.EntityChoreFishHook                   | EntityChoreFishHook          |    228 |
| MCA                  | Minecraft Comes Alive            | MCA.EntityGrimReaper                      | EntityGrimReaper             |    229 |
| MCA                  | Minecraft Comes Alive            | MCA.EntityHuman                           | EntityHuman                  |    227 |
| Mekanism             | Mekanism                         | Mekanism.BabySkeleton                     | EntityBabySkeleton           |      3 |
| Mekanism             | Mekanism                         | Mekanism.Balloon                          | EntityBalloon                |      2 |
| Mekanism             | Mekanism                         | Mekanism.Flame                            | EntityFlame                  |      4 |
| Mekanism             | Mekanism                         | Mekanism.ObsidianTNT                      | EntityObsidianTNT            |      0 |
| Mekanism             | Mekanism                         | Mekanism.Robit                            | EntityRobit                  |      1 |
| Quark                | Quark                            | Quark.ashen                               | EntityAshen                  |      1 |
| Quark                | Quark                            | Quark.dweller                             | EntityDweller                |      2 |
| Quark                | Quark                            | Quark.pirate                              | EntityPirate                 |      3 |
| Quark                | Quark                            | Quark.quark:arrow_ender                   | EntityArrowEnder             |      5 |
| Quark                | Quark                            | Quark.quark:arrow_explosive               | EntityArrowExplosive         |      6 |
| Quark                | Quark                            | Quark.quark:arrow_torch                   | EntityArrowTorch             |      7 |
| Quark                | Quark                            | Quark.quark:colored_item_frame            | EntityColoredItemFrame       |      0 |
| Quark                | Quark                            | Quark.wraith                              | EntityWraith                 |      4 |
| ToughAsNails         | Tough As Nails                   | ToughAsNails.freeze                       | EntityFreeze                 |      2 |
| ToughAsNails         | Tough As Nails                   | ToughAsNails.iceball                      | EntityIceball                |      1 |
| actuallyadditions    | Actually Additions               | actuallyadditions.actuallyadditions.worm  | EntityWorm                   |      0 |
| advancedRocketry     | Advanced Rocketry                | advancedRocketry.ARAbductedItem           | EntityItemAbducted           |      4 |
| advancedRocketry     | Advanced Rocketry                | advancedRocketry.ARPlanetUIButton         | EntityUIButton               |      6 |
| advancedRocketry     | Advanced Rocketry                | advancedRocketry.ARPlanetUIItem           | EntityUIPlanet               |      5 |
| advancedRocketry     | Advanced Rocketry                | advancedRocketry.ARSpaceElevatorCapsule   | EntityElevatorCapsule        |      8 |
| advancedRocketry     | Advanced Rocketry                | advancedRocketry.ARStarUIButton           | EntityUIStar                 |      7 |
| advancedRocketry     | Advanced Rocketry                | advancedRocketry.deployedRocket           | EntityStationDeployedRocket  |      3 |
| advancedRocketry     | Advanced Rocketry                | advancedRocketry.laserNode                | EntityLaserNode              |      2 |
| advancedRocketry     | Advanced Rocketry                | advancedRocketry.mountDummy               | EntityDummy                  |      0 |
| advancedRocketry     | Advanced Rocketry                | advancedRocketry.rocket                   | EntityRocket                 |      1 |
| animalium            | animalium                        | animalium.Bear                            | EntityBear                   |      3 |
| animalium            | animalium                        | animalium.DogPart                         | EntityDogPart                |      5 |
| animalium            | animalium                        | animalium.Piranha                         | EntityPiranha                |      1 |
| animalium            | animalium                        | animalium.Rat                             | EntityRat                    |      4 |
| animalium            | animalium                        | animalium.WildDog                         | EntityWildDog                |      2 |
| animalium            | animalium                        | animalium.entities.EntityBear             | EntityBear                   |      3 |
| animalium            | animalium                        | animalium.entities.EntityPiranha          | EntityPiranha                |      1 |
| animalium            | animalium                        | animalium.entities.EntityRat              | EntityRat                    |      4 |
| animalium            | animalium                        | animalium.entities.EntityWildDog          | EntityWildDog                |      2 |
| animania             | Animania                         | animania.BullAngus                        | EntityBullAngus              |    507 |
| animania             | Animania                         | animania.BullFriesian                     | EntityBullFriesian           |    504 |
| animania             | Animania                         | animania.BullHereford                     | EntityBullHereford           |    513 |
| animania             | Animania                         | animania.BullHolstein                     | EntityBullHolstein           |    501 |
| animania             | Animania                         | animania.BullLonghorn                     | EntityBullLonghorn           |    510 |
| animania             | Animania                         | animania.CalfAngus                        | EntityCalfAngus              |    508 |
| animania             | Animania                         | animania.CalfFriesian                     | EntityCalfFriesian           |    505 |
| animania             | Animania                         | animania.CalfHereford                     | EntityCalfHereford           |    514 |
| animania             | Animania                         | animania.CalfHolstein                     | EntityCalfHolstein           |    502 |
| animania             | Animania                         | animania.CalfLonghorn                     | EntityCalfLonghorn           |    511 |
| animania             | Animania                         | animania.ChickLeghorn                     | EntityChickLeghorn           |    535 |
| animania             | Animania                         | animania.ChickOrpington                   | EntityChickOrpington         |    538 |
| animania             | Animania                         | animania.ChickPlymouthRock                | EntityChickPlymouthRock      |    532 |
| animania             | Animania                         | animania.ChickRhodeIslandRed              | EntityChickRhodeIslandRed    |    544 |
| animania             | Animania                         | animania.ChickWyandotte                   | EntityChickWyandotte         |    541 |
| animania             | Animania                         | animania.CowAngus                         | EntityCowAngus               |    506 |
| animania             | Animania                         | animania.CowFriesian                      | EntityCowFriesian            |    503 |
| animania             | Animania                         | animania.CowHereford                      | EntityCowHereford            |    512 |
| animania             | Animania                         | animania.CowHolstein                      | EntityCowHolstein            |    500 |
| animania             | Animania                         | animania.CowLonghorn                      | EntityCowLonghorn            |    509 |
| animania             | Animania                         | animania.Dart Frog                        | EntityDartFrogs              |    801 |
| animania             | Animania                         | animania.FerretGrey                       | EntityFerretGrey             |    523 |
| animania             | Animania                         | animania.FerretWhite                      | EntityFerretWhite            |    526 |
| animania             | Animania                         | animania.FoalDraftHorse                   | EntityFoalDraftHorse         |    703 |
| animania             | Animania                         | animania.Frog                             | EntityFrogs                  |    800 |
| animania             | Animania                         | animania.Hamster                          | EntityHamster                |    520 |
| animania             | Animania                         | animania.Hedgehog                         | EntityHedgehog               |    529 |
| animania             | Animania                         | animania.HedgehogAlbino                   | EntityHedgehogAlbino         |    550 |
| animania             | Animania                         | animania.HenLeghorn                       | EntityHenLeghorn             |    533 |
| animania             | Animania                         | animania.HenOrpington                     | EntityHenOrpington           |    536 |
| animania             | Animania                         | animania.HenPlymouthRock                  | EntityHenPlymouthRock        |    530 |
| animania             | Animania                         | animania.HenRhodeIslandRed                | EntityHenRhodeIslandRed      |    542 |
| animania             | Animania                         | animania.HenWyandotte                     | EntityHenWyandotte           |    539 |
| animania             | Animania                         | animania.HogDuroc                         | EntityHogDuroc               |    613 |
| animania             | Animania                         | animania.HogHampshire                     | EntityHogHampshire           |    616 |
| animania             | Animania                         | animania.HogLargeBlack                    | EntityHogLargeBlack          |    607 |
| animania             | Animania                         | animania.HogLargeWhite                    | EntityHogLargeWhite          |    610 |
| animania             | Animania                         | animania.HogOldSpot                       | EntityHogOldSpot             |    604 |
| animania             | Animania                         | animania.HogYorkshire                     | EntityHogYorkshire           |    601 |
| animania             | Animania                         | animania.MareDraftHorse                   | EntityMareDraftHorse         |    701 |
| animania             | Animania                         | animania.PeachickBlue                     | EntityPeachickBlue           |    582 |
| animania             | Animania                         | animania.PeachickWhite                    | EntityPeachickWhite          |    585 |
| animania             | Animania                         | animania.PeacockBlue                      | EntityPeacockBlue            |    580 |
| animania             | Animania                         | animania.PeacockWhite                     | EntityPeacockWhite           |    583 |
| animania             | Animania                         | animania.PeafowlBlue                      | EntityPeafowlBlue            |    581 |
| animania             | Animania                         | animania.PeafowlWhite                     | EntityPeafowlWhite           |    584 |
| animania             | Animania                         | animania.PigletDuroc                      | EntityPigletDuroc            |    614 |
| animania             | Animania                         | animania.PigletHampshire                  | EntityPigletHampshire        |    617 |
| animania             | Animania                         | animania.PigletLargeBlack                 | EntityPigletLargeBlack       |    608 |
| animania             | Animania                         | animania.PigletLargeWhite                 | EntityPigletLargeWhite       |    611 |
| animania             | Animania                         | animania.PigletOldSpot                    | EntityPigletOldSpot          |    605 |
| animania             | Animania                         | animania.PigletYorkshire                  | EntityPigletYorkshire        |    602 |
| animania             | Animania                         | animania.RoosterLeghorn                   | EntityRoosterLeghorn         |    534 |
| animania             | Animania                         | animania.RoosterOrpington                 | EntityRoosterOrpington       |    537 |
| animania             | Animania                         | animania.RoosterPlymouthRock              | EntityRoosterPlymouthRock    |    531 |
| animania             | Animania                         | animania.RoosterRhodeIslandRed            | EntityRoosterRhodeIslandRed  |    543 |
| animania             | Animania                         | animania.RoosterWyandotte                 | EntityRoosterWyandotte       |    540 |
| animania             | Animania                         | animania.SowDuroc                         | EntitySowDuroc               |    612 |
| animania             | Animania                         | animania.SowHampshire                     | EntitySowHampshire           |    615 |
| animania             | Animania                         | animania.SowLargeBlack                    | EntitySowLargeBlack          |    606 |
| animania             | Animania                         | animania.SowLargeWhite                    | EntitySowLargeWhite          |    609 |
| animania             | Animania                         | animania.SowOldSpot                       | EntitySowOldSpot             |    603 |
| animania             | Animania                         | animania.SowYorkshire                     | EntitySowYorkshire           |    600 |
| animania             | Animania                         | animania.StallionDraftHorse               | EntityStallionDraftHorse     |    702 |
| animania             | Animania                         | animania.Toad                             | EntityToad                   |    802 |
| aquacreeper          | aquacreeper                      | Aqua Creeper                              | EntityAquaCreeper            |      1 |
| aquacreeper          | aquacreeper                      | aquacreeper.Aqua Creeper                  | EntityAquaCreeper            |      1 |
| arsmagica2           | Ars Magica 2                     | arsmagica2.AirGuardian                    | EntityAirGuardian            |     17 |
| arsmagica2           | Ars Magica 2                     | arsmagica2.AirSled                        | EntityAirSled                |     27 |
| arsmagica2           | Ars Magica 2                     | arsmagica2.ArcaneGuardian                 | EntityArcaneGuardian         |     18 |
| arsmagica2           | Ars Magica 2                     | arsmagica2.BoundArrow                     | EntityBoundArrow             |      4 |
| arsmagica2           | Ars Magica 2                     | arsmagica2.Broom                          | EntityBroom                  |     28 |
| arsmagica2           | Ars Magica 2                     | arsmagica2.DarkMage                       | EntityDarkMage               |      6 |
| arsmagica2           | Ars Magica 2                     | arsmagica2.Darkling                       | EntityDarkling               |      5 |
| arsmagica2           | Ars Magica 2                     | arsmagica2.Dryad                          | EntityDryad                  |      7 |
| arsmagica2           | Ars Magica 2                     | arsmagica2.EarthElemental                 | EntityEarthElemental         |      8 |
| arsmagica2           | Ars Magica 2                     | arsmagica2.EarthGuardian                  | EntityEarthGuardian          |     19 |
| arsmagica2           | Ars Magica 2                     | arsmagica2.EnderGuardian                  | EntityEnderGuardian          |     20 |
| arsmagica2           | Ars Magica 2                     | arsmagica2.FireElemental                  | EntityFireElemental          |      9 |
| arsmagica2           | Ars Magica 2                     | arsmagica2.FireGuardian                   | EntityFireGuardian           |     21 |
| arsmagica2           | Ars Magica 2                     | arsmagica2.Flicker                        | EntityFlicker                |     32 |
| arsmagica2           | Ars Magica 2                     | arsmagica2.Hecate                         | EntityHecate                 |     31 |
| arsmagica2           | Ars Magica 2                     | arsmagica2.HellCow                        | EntityHellCow                |     33 |
| arsmagica2           | Ars Magica 2                     | arsmagica2.LifeGuardian                   | EntityLifeGuardian           |     22 |
| arsmagica2           | Ars Magica 2                     | arsmagica2.LightMage                      | EntityLightMage              |     10 |
| arsmagica2           | Ars Magica 2                     | arsmagica2.LightningGuardian              | EntityLightningGuardian      |     23 |
| arsmagica2           | Ars Magica 2                     | arsmagica2.ManaCreeper                    | EntityManaCreeper            |     30 |
| arsmagica2           | Ars Magica 2                     | arsmagica2.ManaElemental                  | EntityManaElemental          |     11 |
| arsmagica2           | Ars Magica 2                     | arsmagica2.ManaVortex                     | EntityManaVortex             |     12 |
| arsmagica2           | Ars Magica 2                     | arsmagica2.NatureGuardian                 | EntityNatureGuardian         |     24 |
| arsmagica2           | Ars Magica 2                     | arsmagica2.RiftStorage                    | EntityRiftStorage            |      1 |
| arsmagica2           | Ars Magica 2                     | arsmagica2.ShadowHelper                   | EntityShadowHelper           |     34 |
| arsmagica2           | Ars Magica 2                     | arsmagica2.Shockwave                      | EntityShockwave              |     13 |
| arsmagica2           | Ars Magica 2                     | arsmagica2.SpellEffect                    | EntitySpellEffect            |      2 |
| arsmagica2           | Ars Magica 2                     | arsmagica2.SpellProjectile                | EntitySpellProjectile        |      0 |
| arsmagica2           | Ars Magica 2                     | arsmagica2.ThrownRock                     | EntityThrownRock             |      3 |
| arsmagica2           | Ars Magica 2                     | arsmagica2.ThrownSickle                   | EntityThrownSickle           |     14 |
| arsmagica2           | Ars Magica 2                     | arsmagica2.WaterElemental                 | EntityWaterElemental         |     29 |
| arsmagica2           | Ars Magica 2                     | arsmagica2.WaterGuardian                  | EntityWaterGuardian          |     25 |
| arsmagica2           | Ars Magica 2                     | arsmagica2.Whirlwind                      | EntityWhirlwind              |     15 |
| arsmagica2           | Ars Magica 2                     | arsmagica2.WinterGuardian                 | EntityWinterGuardian         |     26 |
| arsmagica2           | Ars Magica 2                     | arsmagica2.WinterGuardianArm              | EntityWinterGuardianArm      |     16 |
| betterwithmods       | Better With Mods                 | betterwithmods.BWMDynamite                | EntityDynamite               |      1 |
| betterwithmods       | Better With Mods                 | betterwithmods.BWMMiningCharge            | EntityMiningCharge           |      2 |
| betterwithmods       | Better With Mods                 | betterwithmods.ExtendingRope              | EntityExtendingRope          |      0 |
| betterwithmods       | Better With Mods                 | betterwithmods.entityBroadheadArrow       | EntityBroadheadArrow         |      5 |
| betterwithmods       | Better With Mods                 | betterwithmods.entityFallingGourd         | EntityFallingGourd           |      6 |
| betterwithmods       | Better With Mods                 | betterwithmods.entityItemBuoy             | EntityItemBuoy               |      3 |
| betterwithmods       | Better With Mods                 | betterwithmods.entityShearedCreeper       | EntityShearedCreeper         |      4 |
| betterwithmods       | Better With Mods                 | betterwithmods.falling_block_custom       | EntityFallingBlockCustom     |      7 |
| clumps               | Clumps                           | clumps.xp_orb_big                         | EntityXPOrbBig               |      0 |
| darkutils            | Dark Utilities                   | darkutils.FakeTNT                         | EntityFakeTNT                |      0 |
| dmonsters            | Deadly Monsters                  | dmonsters.dagon                           | EntityDagon                  |      2 |
| dmonsters            | Deadly Monsters                  | dmonsters.luckyEgg                        | EntityLuckyEgg               |      1 |
| draconicevolution    | Draconic Evolution               | draconicevolution.ChaosGuardian           | EntityChaosGuardian          |      6 |
| draconicevolution    | Draconic Evolution               | draconicevolution.CustomArrow             | EntityCustomArrow            |     11 |
| draconicevolution    | Draconic Evolution               | draconicevolution.DragonHeartItem         | EntityDragonHeart            |      5 |
| draconicevolution    | Draconic Evolution               | draconicevolution.EnderEnergyManipulator  | EntityEnderEnergyManipulator |     13 |
| draconicevolution    | Draconic Evolution               | draconicevolution.EntityChaosEnergyVortex | EntityChaosImplosion         |     10 |
| draconicevolution    | Draconic Evolution               | draconicevolution.GuardianCrystal         | EntityGuardianCrystal        |      8 |
| draconicevolution    | Draconic Evolution               | draconicevolution.GuardianProjectile      | EntityGuardianProjectile     |      7 |
| draconicevolution    | Draconic Evolution               | draconicevolution.LootCore                | EntityLootCore               |     12 |
| draconicevolution    | Draconic Evolution               | draconicevolution.PersistentItem          | EntityPersistentItem         |      1 |
| duckcraft            | DuckCraft                        | duckcraft.EntityDuck                      | EntityDuck                   |      0 |
| duckcraft            | DuckCraft                        | duckcraft.thrownDuckEgg                   | EntityDuckEgg                |      2 |
| exnihiloadscensio    | Ex Nihilo Adscensio              | exnihiloadscensio.Thrown Stone            | ProjectileStone              |      0 |
| extrautils2          | Extra Utilities 2                | extrautils2.boomerang                     | EntityBoomerang              |      0 |
| extrautils2          | Extra Utilities 2                | extrautils2.chunkdata                     | EntityChunkData              |      1 |
| fairylights          | Fairy Lights                     | fairylights.Fastener                      | EntityFenceFastener          |      0 |
| fairylights          | Fairy Lights                     | fairylights.Ladder                        | EntityLadder                 |      1 |
| forestry             | Forestry                         | forestry.butterflyGE                      | EntityButterfly              |      0 |
| forestry             | Forestry                         | forestry.cart.apiary                      | EntityMinecartApiary         |      2 |
| forestry             | Forestry                         | forestry.cart.beehouse                    | EntityMinecartBeehouse       |      1 |
| gravestone           | Gravestone                       | gravestone.player_ghost                   | EntityGhostPlayer            |    378 |
| headcrumbs           | Headcrumbs                       | headcrumbs.Human                          | EntityHuman                  |      0 |
| immersiveengineering | Immersive Engineering            | immersiveengineering.chemthrowerShot      | EntityChemthrowerShot        |      4 |
| immersiveengineering | Immersive Engineering            | immersiveengineering.explosive            | EntityIEExplosive            |      7 |
| immersiveengineering | Immersive Engineering            | immersiveengineering.fluorescentTube      | EntityFluorescentTube        |      8 |
| immersiveengineering | Immersive Engineering            | immersiveengineering.railgunShot          | EntityRailgunShot            |      5 |
| immersiveengineering | Immersive Engineering            | immersiveengineering.revolverShot         | EntityRevolvershot           |      0 |
| immersiveengineering | Immersive Engineering            | immersiveengineering.revolverShotFlare    | EntityRevolvershotFlare      |      6 |
| immersiveengineering | Immersive Engineering            | immersiveengineering.revolverShotHoming   | EntityRevolvershotHoming     |      2 |
| immersiveengineering | Immersive Engineering            | immersiveengineering.revolverShotWolfpack | EntityWolfpackShot           |      3 |
| immersiveengineering | Immersive Engineering            | immersiveengineering.skylineHook          | EntitySkylineHook            |      1 |
| minecraft            | Minecraft                        | AreaEffectCloud                           | EntityAreaEffectCloud        |      3 |
| minecraft            | Minecraft                        | ArmorStand                                | EntityArmorStand             |     30 |
| minecraft            | Minecraft                        | Arrow                                     | EntityTippedArrow            |     10 |
| minecraft            | Minecraft                        | Bat                                       | EntityBat                    |     65 |
| minecraft            | Minecraft                        | Blaze                                     | EntityBlaze                  |     61 |
| minecraft            | Minecraft                        | Boat                                      | EntityBoat                   |     41 |
| minecraft            | Minecraft                        | CaveSpider                                | EntityCaveSpider             |     59 |
| minecraft            | Minecraft                        | Chicken                                   | EntityChicken                |     93 |
| minecraft            | Minecraft                        | Cow                                       | EntityCow                    |     92 |
| minecraft            | Minecraft                        | Creeper                                   | EntityCreeper                |     50 |
| minecraft            | Minecraft                        | DragonFireball                            | EntityDragonFireball         |     26 |
| minecraft            | Minecraft                        | EnderCrystal                              | EntityEnderCrystal           |    200 |
| minecraft            | Minecraft                        | EnderDragon                               | EntityDragon                 |     63 |
| minecraft            | Minecraft                        | Enderman                                  | EntityEnderman               |     58 |
| minecraft            | Minecraft                        | Endermite                                 | EntityEndermite              |     67 |
| minecraft            | Minecraft                        | EntityHorse                               | EntityHorse                  |    100 |
| minecraft            | Minecraft                        | EyeOfEnderSignal                          | EntityEnderEye               |     15 |
| minecraft            | Minecraft                        | FallingSand                               | EntityFallingBlock           |     21 |
| minecraft            | Minecraft                        | Fireball                                  | EntityLargeFireball          |     12 |
| minecraft            | Minecraft                        | FireworksRocketEntity                     | EntityFireworkRocket         |     22 |
| minecraft            | Minecraft                        | Ghast                                     | EntityGhast                  |     56 |
| minecraft            | Minecraft                        | Giant                                     | EntityGiantZombie            |     53 |
| minecraft            | Minecraft                        | Guardian                                  | EntityGuardian               |     68 |
| minecraft            | Minecraft                        | Item                                      | EntityItem                   |      1 |
| minecraft            | Minecraft                        | ItemFrame                                 | EntityItemFrame              |     18 |
| minecraft            | Minecraft                        | LavaSlime                                 | EntityMagmaCube              |     62 |
| minecraft            | Minecraft                        | LeashKnot                                 | EntityLeashKnot              |      8 |
| minecraft            | Minecraft                        | MinecartChest                             | EntityMinecartChest          |     43 |
| minecraft            | Minecraft                        | MinecartCommandBlock                      | EntityMinecartCommandBlock   |     40 |
| minecraft            | Minecraft                        | MinecartFurnace                           | EntityMinecartFurnace        |     44 |
| minecraft            | Minecraft                        | MinecartHopper                            | EntityMinecartHopper         |     46 |
| minecraft            | Minecraft                        | MinecartRideable                          | EntityMinecartEmpty          |     42 |
| minecraft            | Minecraft                        | MinecartSpawner                           | EntityMinecartMobSpawner     |     47 |
| minecraft            | Minecraft                        | MinecartTNT                               | EntityMinecartTNT            |     45 |
| minecraft            | Minecraft                        | Mob                                       | EntityLiving                 |     48 |
| minecraft            | Minecraft                        | Monster                                   | EntityMob                    |     49 |
| minecraft            | Minecraft                        | MushroomCow                               | EntityMooshroom              |     96 |
| minecraft            | Minecraft                        | Ozelot                                    | EntityOcelot                 |     98 |
| minecraft            | Minecraft                        | Painting                                  | EntityPainting               |      9 |
| minecraft            | Minecraft                        | Pig                                       | EntityPig                    |     90 |
| minecraft            | Minecraft                        | PigZombie                                 | EntityPigZombie              |     57 |
| minecraft            | Minecraft                        | PolarBear                                 | EntityPolarBear              |    102 |
| minecraft            | Minecraft                        | PrimedTnt                                 | EntityTNTPrimed              |     20 |
| minecraft            | Minecraft                        | Rabbit                                    | EntityRabbit                 |    101 |
| minecraft            | Minecraft                        | Sheep                                     | EntitySheep                  |     91 |
| minecraft            | Minecraft                        | Shulker                                   | EntityShulker                |     69 |
| minecraft            | Minecraft                        | ShulkerBullet                             | EntityShulkerBullet          |     25 |
| minecraft            | Minecraft                        | Silverfish                                | EntitySilverfish             |     60 |
| minecraft            | Minecraft                        | Skeleton                                  | EntitySkeleton               |     51 |
| minecraft            | Minecraft                        | Slime                                     | EntitySlime                  |     55 |
| minecraft            | Minecraft                        | SmallFireball                             | EntitySmallFireball          |     13 |
| minecraft            | Minecraft                        | SnowMan                                   | EntitySnowman                |     97 |
| minecraft            | Minecraft                        | Snowball                                  | EntitySnowball               |     11 |
| minecraft            | Minecraft                        | SpectralArrow                             | EntitySpectralArrow          |     24 |
| minecraft            | Minecraft                        | Spider                                    | EntitySpider                 |     52 |
| minecraft            | Minecraft                        | Squid                                     | EntitySquid                  |     94 |
| minecraft            | Minecraft                        | ThrownEgg                                 | EntityEgg                    |      7 |
| minecraft            | Minecraft                        | ThrownEnderpearl                          | EntityEnderPearl             |     14 |
| minecraft            | Minecraft                        | ThrownExpBottle                           | EntityExpBottle              |     17 |
| minecraft            | Minecraft                        | ThrownPotion                              | EntityPotion                 |     16 |
| minecraft            | Minecraft                        | Villager                                  | EntityVillager               |    120 |
| minecraft            | Minecraft                        | VillagerGolem                             | EntityIronGolem              |     99 |
| minecraft            | Minecraft                        | Witch                                     | EntityWitch                  |     66 |
| minecraft            | Minecraft                        | WitherBoss                                | EntityWither                 |     64 |
| minecraft            | Minecraft                        | WitherSkull                               | EntityWitherSkull            |     19 |
| minecraft            | Minecraft                        | Wolf                                      | EntityWolf                   |     95 |
| minecraft            | Minecraft                        | XPOrb                                     | EntityXPOrb                  |      2 |
| minecraft            | Minecraft                        | Zombie                                    | EntityZombie                 |     54 |
| minions              | Minions                          | minions.AS_EntityMinion                   | EntityMinion                 |      1 |
| natura               | Natura                           | natura.babyheatscarspider                 | EntityBabyHeatscarSpider     |      1 |
| natura               | Natura                           | natura.heatscarspider                     | EntityHeatscarSpider         |      0 |
| natura               | Natura                           | natura.imp                                | EntityImp                    |      2 |
| natura               | Natura                           | natura.nitrocreeper                       | EntityNitroCreeper           |      3 |
| overlord             | Overlord                         | overlord.milk_bottle                      | EntityMilkBottle             |      2 |
| overlord             | Overlord                         | overlord.skeleton_baby                    | EntityBabySkeleton           |      1 |
| overlord             | Overlord                         | overlord.skeleton_converted               | EntityConvertedSkeleton      |      3 |
| overlord             | Overlord                         | overlord.skeleton_curing                  | EntityCuringSkeleton         |      4 |
| overlord             | Overlord                         | overlord.skeleton_warrior                 | EntitySkeletonWarrior        |      0 |
| p455w0rdslib         | p455w0rd's Library               | p455w0rdslib.ArmorStand                   | EntitySittableBlock          |      0 |
| plustic              | PlusTiC                          | plustic.BlindBandit                       | EntityBlindBandit            |      1 |
| primal               | PrimalCore                       | primal.arrow_quartz                       | EntityQuartzArrow            |      3 |
| primal               | PrimalCore                       | primal.arrow_torch_nether                 | EntityTorchArrowNether       |      5 |
| primal               | PrimalCore                       | primal.arrow_torch_wood                   | EntityTorchArrow             |      4 |
| primal               | PrimalCore                       | primal.canis_campestris                   | EntityCanisCampestris        |      7 |
| primal               | PrimalCore                       | primal.muck                               | EntityMuckBall               |      1 |
| primal               | PrimalCore                       | primal.netherpalm_boat                    | EntityNetherBoat             |      6 |
| primal               | PrimalCore                       | primal.ovis_atre                          | EntityOvisAtre               |      8 |
| primal               | PrimalCore                       | primal.rock                               | EntityRock                   |      2 |
| scalinghealth        | Scaling Health                   | scalinghealth.BlightFire                  | EntityBlightFire             |      0 |
| sgcraft              | SG Craft                         | sgcraft.Stargate Iris                     | IrisEntity                   |      0 |
| slimecompendium      | Slime Compendium                 | slimecompendium.birch_slime               | BirchSlime                   |      3 |
| slimecompendium      | Slime Compendium                 | slimecompendium.coal_slime                | CoalSlime                    |     14 |
| slimecompendium      | Slime Compendium                 | slimecompendium.desert_slime              | DesertSlime                  |      1 |
| slimecompendium      | Slime Compendium                 | slimecompendium.diamond_slime             | DiamondSlime                 |     18 |
| slimecompendium      | Slime Compendium                 | slimecompendium.flower_slime              | FlowerSlime                  |     13 |
| slimecompendium      | Slime Compendium                 | slimecompendium.forest_slime              | ForestSlime                  |     11 |
| slimecompendium      | Slime Compendium                 | slimecompendium.gold_slime                | GoldSlime                    |     16 |
| slimecompendium      | Slime Compendium                 | slimecompendium.ice_slime                 | IceSlime                     |      5 |
| slimecompendium      | Slime Compendium                 | slimecompendium.jungle_slime              | JungleSlime                  |     10 |
| slimecompendium      | Slime Compendium                 | slimecompendium.melon_slime               | MelonSlime                   |     17 |
| slimecompendium      | Slime Compendium                 | slimecompendium.mesa_slime                | MesaSlime                    |      9 |
| slimecompendium      | Slime Compendium                 | slimecompendium.mountain_slime            | MountainSlime                |      2 |
| slimecompendium      | Slime Compendium                 | slimecompendium.mushroom_slime            | MushroomSlime                |     12 |
| slimecompendium      | Slime Compendium                 | slimecompendium.plains_slime              | PlainsSlime                  |      7 |
| slimecompendium      | Slime Compendium                 | slimecompendium.pumpkin_slime             | PumpkinSlime                 |     15 |
| slimecompendium      | Slime Compendium                 | slimecompendium.snow_slime                | SnowSlime                    |      4 |
| slimecompendium      | Slime Compendium                 | slimecompendium.swamp_slime               | SwampSlime                   |      8 |
| slimecompendium      | Slime Compendium                 | slimecompendium.taiga_slime               | TaigaSlime                   |      6 |
| storageboats         | Storage Boats                    | storageboats.entityStorageBoat            | EntityStorageBoat            |      0 |
| survivalist          | Survivalist                      | survivalist.ThrownRock                    | EntityRock                   |      1 |
| tammodized           | TamModized                       | tammodized.DragonOld                      | EntityDragonOld              |      0 |
| tconstruct           | Tinkers' Construct               | tconstruct.Fancy Item Frame               | EntityFancyItemFrame         |      2 |
| tconstruct           | Tinkers' Construct               | tconstruct.Indestructible Item            | IndestructibleEntityItem     |      0 |
| tconstruct           | Tinkers' Construct               | tconstruct.Throwball                      | EntityThrowball              |      3 |
| tconstruct           | Tinkers' Construct               | tconstruct.arrow                          | EntityArrow                  |     10 |
| tconstruct           | Tinkers' Construct               | tconstruct.blueslime                      | EntityBlueSlime              |      1 |
| tconstruct           | Tinkers' Construct               | tconstruct.bolt                           | EntityBolt                   |     11 |
| tconstruct           | Tinkers' Construct               | tconstruct.shuriken                       | EntityShuriken               |     12 |
| thebetweenlands      | The Betweenlands                 | thebetweenlands.angler                    | EntityAngler                 |      2 |
| thebetweenlands      | The Betweenlands                 | thebetweenlands.angry_pebble              | EntityAngryPebble            |     59 |
| thebetweenlands      | The Betweenlands                 | thebetweenlands.bl_arrow                  | EntityBLArrow                |     23 |
| thebetweenlands      | The Betweenlands                 | thebetweenlands.blind_cave_fish           | EntityBlindCaveFish          |     33 |
| thebetweenlands      | The Betweenlands                 | thebetweenlands.blood_snail               | EntityBloodSnail             |     18 |
| thebetweenlands      | The Betweenlands                 | thebetweenlands.chiromaw                  | EntityChiromaw               |     35 |
| thebetweenlands      | The Betweenlands                 | thebetweenlands.dark_druid                | EntityDarkDruid              |      0 |
| thebetweenlands      | The Betweenlands                 | thebetweenlands.dragonfly                 | EntityDragonFly              |     16 |
| thebetweenlands      | The Betweenlands                 | thebetweenlands.firefly                   | EntityFirefly                |     10 |
| thebetweenlands      | The Betweenlands                 | thebetweenlands.fortress_boss             | EntityFortressBoss           |     60 |
| thebetweenlands      | The Betweenlands                 | thebetweenlands.fortress_boss_blockade    | EntityFortressBossBlockade   |     63 |
| thebetweenlands      | The Betweenlands                 | thebetweenlands.fortress_boss_projectile  | EntityFortressBossProjectile |     64 |
| thebetweenlands      | The Betweenlands                 | thebetweenlands.fortress_boss_spawner     | EntityFortressBossSpawner    |     62 |
| thebetweenlands      | The Betweenlands                 | thebetweenlands.fortress_boss_teleporter  | EntityFortressBossTeleporter |     66 |
| thebetweenlands      | The Betweenlands                 | thebetweenlands.fortress_boss_turret      | EntityFortressBossTurret     |     65 |
| thebetweenlands      | The Betweenlands                 | thebetweenlands.frog                      | EntityFrog                   |     37 |
| thebetweenlands      | The Betweenlands                 | thebetweenlands.gas_cloud                 | EntityGasCloud               |     42 |
| thebetweenlands      | The Betweenlands                 | thebetweenlands.gecko                     | EntityGecko                  |     27 |
| thebetweenlands      | The Betweenlands                 | thebetweenlands.leech                     | EntityLeech                  |     14 |
| thebetweenlands      | The Betweenlands                 | thebetweenlands.lurker                    | EntityLurker                 |     25 |
| thebetweenlands      | The Betweenlands                 | thebetweenlands.mire_snail                | EntityMireSnail              |     20 |
| thebetweenlands      | The Betweenlands                 | thebetweenlands.mire_snail_egg            | EntityMireSnailEgg           |     22 |
| thebetweenlands      | The Betweenlands                 | thebetweenlands.mummy_arm                 | EntityMummyArm               |     58 |
| thebetweenlands      | The Betweenlands                 | thebetweenlands.peat_mummy                | EntityPeatMummy              |     52 |
| thebetweenlands      | The Betweenlands                 | thebetweenlands.pyrad                     | EntityPyrad                  |     49 |
| thebetweenlands      | The Betweenlands                 | thebetweenlands.pyrad_flame               | EntityPyradFlame             |     51 |
| thebetweenlands      | The Betweenlands                 | thebetweenlands.rope_node                 | EntityRopeNode               |     57 |
| thebetweenlands      | The Betweenlands                 | thebetweenlands.shockwave_block           | EntityShockwaveBlock         |     41 |
| thebetweenlands      | The Betweenlands                 | thebetweenlands.shockwave_sword_item      | EntityShockwaveSwordItem     |     40 |
| thebetweenlands      | The Betweenlands                 | thebetweenlands.silt_crab                 | EntitySiltCrab               |     47 |
| thebetweenlands      | The Betweenlands                 | thebetweenlands.sludge                    | EntitySludge                 |      4 |
| thebetweenlands      | The Betweenlands                 | thebetweenlands.snail_poison_jet          | EntitySnailPoisonJet         |     24 |
| thebetweenlands      | The Betweenlands                 | thebetweenlands.sporeling                 | EntitySporeling              |     12 |
| thebetweenlands      | The Betweenlands                 | thebetweenlands.swamp_hag                 | EntitySwampHag               |      6 |
| thebetweenlands      | The Betweenlands                 | thebetweenlands.sword_energy              | EntitySwordEnergy            |     39 |
| thebetweenlands      | The Betweenlands                 | thebetweenlands.tar_beast                 | EntityTarBeast               |     45 |
| thebetweenlands      | The Betweenlands                 | thebetweenlands.tarminion                 | EntityTarminion              |     54 |
| thebetweenlands      | The Betweenlands                 | thebetweenlands.termite                   | EntityTermite                |     29 |
| thebetweenlands      | The Betweenlands                 | thebetweenlands.thrown_tarminion          | EntityThrownTarminion        |     56 |
| thebetweenlands      | The Betweenlands                 | thebetweenlands.toad                      | EntityGiantToad              |     31 |
| thebetweenlands      | The Betweenlands                 | thebetweenlands.volatile_soul             | EntityVolatileSoul           |     44 |
| thebetweenlands      | The Betweenlands                 | thebetweenlands.weedwood_rowboat          | EntityWeedwoodRowboat        |     67 |
| thebetweenlands      | The Betweenlands                 | thebetweenlands.wight                     | EntityWight                  |      8 |
| vc                   | ViesCraft                        | vc.airship.v1                             | EntityAirshipV1Core          |      5 |
| vc                   | ViesCraft                        | vc.airship.v2                             | EntityAirshipV2Core          |      6 |
| vc                   | ViesCraft                        | vc.airship.v3                             | EntityAirshipV3Core          |      7 |
| vc                   | ViesCraft                        | vc.airship.v4                             | EntityAirshipV4Core          |      8 |
| vc                   | ViesCraft                        | vc.item.airship.v1                        | EntityItemAirshipV1          |      1 |
| vc                   | ViesCraft                        | vc.item.airship.v2                        | EntityItemAirshipV2          |      2 |
| vc                   | ViesCraft                        | vc.item.airship.v3                        | EntityItemAirshipV3          |      3 |
| vc                   | ViesCraft                        | vc.item.airship.v4                        | EntityItemAirshipV4          |      4 |
| waddles              | Waddles                          | waddles.penguin                           | EntityAdeliePenguin          |      0 |
| weather2             | Localized Weather & Storms       | weather2.Moving Block                     | EntityMovingBlock            |      1 |
| weather2             | Localized Weather & Storms       | weather2.Weather Hail                     | EntityIceBall                |      0 |
| weather2             | Localized Weather & Storms       | weather2.Weather2 Lightning Bolt          | EntityLightningBolt          |      2 |
| weather2             | Localized Weather & Storms       | weather2.Weather2 Lightning Bolt Custom   | EntityLightningBoltCustom    |      2 |
| wonderfulwands       | Wonderful Wands                  | wonderfulwands.WispLight                  | EntityLightWisp              |      2 |
| wonderfulwands       | Wonderful Wands                  | wonderfulwands.bolt_lightning             | EntityWandLightningBolt      |      1 |
| wonderfulwands       | Wonderful Wands                  | wonderfulwands.magic_missile              | EntityMagicMissile           |      0 |
| wtfcore              | WTFs Expedition                  | wtfcore.BlockHead                         | EntityBlockHead              |      5 |
| wtfcore              | WTFs Expedition                  | wtfcore.DerangedIronGolem                 | EntityDerangedGolem          |      3 |
| wtfcore              | WTFs Expedition                  | wtfcore.FireElemental                     | EntityFireElemental          |      6 |
| wtfcore              | WTFs Expedition                  | wtfcore.FlyingFlame                       | EntityFlyingFlame            |      4 |
| wtfcore              | WTFs Expedition                  | wtfcore.Ghost                             | EntityZombieGhost            |      2 |
| wtfcore              | WTFs Expedition                  | wtfcore.Husk                              | Husk                         |      8 |
| wtfcore              | WTFs Expedition                  | wtfcore.Mummy                             | Mummy                        |      7 |
| wtfcore              | WTFs Expedition                  | wtfcore.SkeletonKnight                    | SkeletonKnight               |     13 |
| wtfcore              | WTFs Expedition                  | wtfcore.SkeletonMage                      | SkeletonMage                 |      1 |
| wtfcore              | WTFs Expedition                  | wtfcore.Stray                             | Stray                        |     11 |
| wtfcore              | WTFs Expedition                  | wtfcore.Wither                            | Wither                       |     12 |
| wtfcore              | WTFs Expedition                  | wtfcore.ZombieFarmer                      | FarmerZombie                 |     10 |
| wtfcore              | WTFs Expedition                  | wtfcore.ZombieMiner                       | ZombieMiner                  |      9 |
| xreliquary           | Reliquary                        | xreliquary.entityBlazeShot                | EntityBlazeShot              |      5 |
| xreliquary           | Reliquary                        | xreliquary.entityBusterShot               | EntityBusterShot             |      8 |
| xreliquary           | Reliquary                        | xreliquary.entityConcussiveShot           | EntityConcussiveShot         |      7 |
| xreliquary           | Reliquary                        | xreliquary.entityEnderShot                | EntityEnderShot              |      6 |
| xreliquary           | Reliquary                        | xreliquary.entityEnderStaffProjectile     | EntityEnderStaffProjectile   |     23 |
| xreliquary           | Reliquary                        | xreliquary.entityExorcismShot             | EntityExorcismShot           |      4 |
| xreliquary           | Reliquary                        | xreliquary.entityHGrenade                 | EntityHolyHandGrenade        |      0 |
| xreliquary           | Reliquary                        | xreliquary.entityHolyWater                | EntityGlowingWater           |      1 |
| xreliquary           | Reliquary                        | xreliquary.entityKSlime                   | EntityKrakenSlime            |     22 |
| xreliquary           | Reliquary                        | xreliquary.entityNeutralShot              | EntityNeutralShot            |      3 |
| xreliquary           | Reliquary                        | xreliquary.entitySandShot                 | EntitySandShot               |     10 |
| xreliquary           | Reliquary                        | xreliquary.entitySeekerShot               | EntitySeekerShot             |      9 |
| xreliquary           | Reliquary                        | xreliquary.entitySpecialSnowball          | EntitySpecialSnowball        |      2 |
| xreliquary           | Reliquary                        | xreliquary.entitySplashAphrodite          | EntityAttractionPotion       |     12 |
| xreliquary           | Reliquary                        | xreliquary.entitySplashFertility          | EntityFertilePotion          |     21 |
| xreliquary           | Reliquary                        | xreliquary.entityStormShot                | EntityStormShot              |     11 |
| xreliquary           | Reliquary                        | xreliquary.entityThrownXRPotion           | EntityThrownXRPotion         |     13 |
| xreliquary           | Reliquary                        | xreliquary.entityTippedArrow              | EntityXRTippedArrow          |     24 |
| zombieawareness      | Zombie Awareness                 | zombieawareness.EntityScent               | EntityScent                  |      0 |
+----------------------+----------------------------------+-------------------------------------------+------------------------------+--------+
| Mod ID               | Mod name                         | Entity name                               | Entity class name            |     ID |
+----------------------+----------------------------------+-------------------------------------------+------------------------------+--------+
